qid,docid,taxon,taxon_rank,family,question_type,question,gold_answer,gold_guilds,evidence,hedged,collection,source_title,gold_context,answer_offset,text_length,curation_ref,curation_note
P001,PMC7564799,Agrenia bidenticulata,species,,trophic_guild,What does Agrenia bidenticulata feed on?,the biofilm || biofilm,algivore|microbivore,field,0,pmc,Ecosystem Birth near Melting Glaciers: A Review on the Pioneer Role of Ground-Dwelling Arthropods,"The very start of a community was terrestrial biofilm with photosynthesizing diatom algae. The cold-loving, very active Collembola species, Agrenia bidenticulata, grazed on the biofilm and was able to follow the retreating ice edge closely. The species was absent in later successional stages (Table 8).",-1,-1,T001,grazed on the biofilm near glacier ice edge (review)
P002,PMC4490355,Anurida maritima,species,,trophic_guild,What does Anurida maritima feed on?,"marine and terrestrial invertebrates, as well as marine macrophytes || marine and terrestrial invertebrates || invertebrates || marine macrophytes",predator|omnivore,isotope,0,pmc,Functional group diversity increases with modularity in complex food webs,"We compared these results with published literature on stable isotope signatures of primary producers, molluscs, crustaceans and insects that inhabit our field system910111213141516171819202122232425262728293031. This information altogether, combined with direct observations, gut content analysis (see above) and published studies, showed that: (i) G. salinus feeds mainly on marine macrophytes, (ii) C. maenas feeds on a variety of sources that range from primary producers to marine invertebrates and (iii) A. maritima occupies a higher trophic position and its feeding habits include marine and terrestrial invertebrates, as well as marine macrophytes. Evidence from the literature.",-1,-1,T303,"stable isotopes, gut content and literature combined"
P003,PMC5730192,Archisotoma pulchella,species,,trophic_guild,What does Archisotoma pulchella feed on?,diatoms,algivore,literature,0,pmc,The structure of salt marsh soil mesofauna food webs – The prevalence of disturbance,"Supporting this view the generalist Collembola species T. debilis predominantly fed on marine C4 plants/algae in the pioneer zone but predominantly on C3 plant carbon in the upper salt marsh. Similarly, other studies showed that the Collembola species Archisotoma pulchella prefers to feed on diatoms [82] and the Oribatida species Ameronothrus lineatus predominantly feeds on green algae [83, 84]. Previous studies suggested that marine resources provide most energy and resources for coastal communities and their importance extends considerably into the terrestrial realm [5].",-1,-1,T003,
P004,PMC5730192,Archisotoma theae,species,,trophic_guild,What does Archisotoma theae feed on?,first order predator lifestyle || first order predator || predator || trophic level III,predator,isotope,0,pmc,The structure of salt marsh soil mesofauna food webs – The prevalence of disturbance,"Collembola species were positioned in trophic levels I to III with δ15N values ranging between 8.6 ± 0.38‰ and 14.4 ± 0.07‰ (see Table C in S1 File). Most of the Collembola species were ascribed to primary or secondary decomposers with the exception of Archisotoma theae, which was positioned in trophic level III indicating first order predator lifestyle (Fig 4B). Similarly, Oribatida spanned from trophic level I to III with δ15N values ranging between 6.1 ± 0.72 and 15.0 ± 0.46‰ (see Table C in S1 File).",-1,-1,T304,document cap: <=4 questions per document
P005,PMC7564799,Bourletiella hortensis,species,,trophic_guild,What does Bourletiella hortensis feed on?,Tiny pioneer mosses || mosses,herbivore,field,0,pmc,Ecosystem Birth near Melting Glaciers: A Review on the Pioneer Role of Ground-Dwelling Arthropods,"The species was absent in later successional stages (Table 8). Tiny pioneer mosses were established after four years and was grazed upon by the large Collembola Bourletiella hortensis, the Byrrhidae beetle Simplocaria metallica, as well as the omnivore Carabidae beetles Amara alpina and A. quenseli. The local production of chironomid midges in the Norwegian site had a surprising explanation.",-1,-1,T004,
P006,PMC6702178,Bourletiella hortensis,species,,trophic_guild,What does Bourletiella hortensis feed on?,pepino || Solanum muricatum,herbivore,field,0,pmc,Insect and mite pests of pepino ( Solanum muricatum Ait.) in Japan,"Study site 11, a garden center in Okinawa Prefecture (26.171N 127.737E), pepino nursery stocks (shown in the middle) are lined up with other plant pots. A garden springtail ( Bourletiella hortensis , Bourletiellidae ) feeding on pepino. A spotted grasshopper ( Atractomorpha sinensis , Pyrgomorphidae ) feeding on pepino.",-1,-1,T305,figure caption: feeding on pepino plants
P007,PMC4947257,Ceratophysella denticulata,species,,trophic_guild,What does Ceratophysella denticulata feed on?,bacteria and fungi || bacteria || fungi || nematodes,microbivore|fungivore|bacterivore,literature,0,pmc,Founder events and pre-glacial divergences shape the genetic structure of European Collembola species,"In fact, all three species are more widely distributed but the part of introduced and indigenous populations in other regions of the world remains uncertain [37]. Ceratophysella denticulata feeds on bacteria and fungi but presumably also on other soil animals such as nematodes [21, 38]. While C. denticulata functions as secondary decomposer, F. quadrioculata is a typical primary decomposer feeding predominantly on litter [21].",-1,-1,T005,
P008,25995534,Cryptopygus clavatus,species,,trophic_guild,What does Cryptopygus clavatus feed on?,algae || grazing on algae under water,algivore,field,0,medline,"Seasonal change in the wetting characteristics of the cuticle of the Collembola Cryptopygus clavatus (Schött, 1893).","Seasonal change in the wetting characteristics of the cuticle of the Collembola Cryptopygus clavatus (Schött, 1893). The littoral Collembola Cryptopygus clavatus spends the summer submerged, grazing on algae under water, and the winter on dry land. The cuticles of Collembola are, in general, highly water repellent, often superhydrophobic; the cuticle of C. clavatus has, in contrast, been described as not water repellent.",-1,-1,T006,
P009,PMC10980659,Desoria choi,species,,trophic_guild,What does Desoria choi feed on?,a more microbial-based diet || litter resources || microbial,microbivore|detritivore,isotope,0,pmc,"Trophic niches of Collembola communities change with elevation, but also with body size and life form","Interestingly, in some species, such as F. octoculata and T. varia, neither Δ15N nor Δ13C values significantly varied with body size, indicating that the trophic niche of these species does not change during development. However, in other species, such as D. choi, Δ15N values, but not Δ13C values, decreased significantly with body size indicating a shift from a more microbial-based diet in juveniles towards including more litter resources in adults. However, this shift in Δ15N was small despite the body size of D. choi varied considerably.",-1,-1,T009,
P010,36504791,Desoria ruseki,species,,trophic_guild,What does Desoria ruseki feed on?,corn litter || Mongolian oak litter || yeast,detritivore|fungivore,lab,0,medline,Food origin influences microbiota and stable isotope enrichment profiles of cold-adapted Collembola (Desoria ruseki).,Food origin influences microbiota and stable isotope enrichment profiles of cold-adapted Collembola (Desoria ruseki). Collembola are a group of globally distributed microarthropods that can tolerate low temperature and are active in extremely cold environments.,-1,-1,T010,diet from the abstract
P011,30866446,Entomobrya proxima,species,,trophic_guild,What does Entomobrya proxima feed on?,carrion,detritivore|omnivore,lab,0,medline,What Is the Carcass-Usage Mode of the Collembola? A Case Study of Entomobrya proxima in the Laboratory.,"In most cases, their feeding selections are widely varied. In the interest of the food preferences of E. proxima, we attempted to confirm how the Collembola utilize food when feeding on carrion (unusual sources). Four different soil animals (with different stable isotope values and increasing trophic levels) were used to examine whether collembolans can use dead insects as a food resource in specific manners, depending on food preference.",-1,-1,T012,
P012,PMC11832468,Entomobrya proxima,species,,trophic_guild,What does Entomobrya proxima feed on?,organic fertilizer,detritivore,lab,0,pmc,Responses of a soil-inhabiting collembolan (Entomobrya proxima Folsom) to organic fertilizer addition illustrated by functional traits and gut bacterial community,"It was speculated that the gut bacterial community responded to the same fertilizer with different concentrations in the same way. On the other hand, disturbances to gut bacterial community of E. proxima by ingestion of organic fertilizer was also reflected in the composition alterations. At the phylum level, low addition concentration increased the relative abundance of Proteobacteria.",-1,-1,T107,
P013,41024491,Folsomia candida,species,,trophic_guild,What does Folsomia candida feed on?,F. oxysporum mycelium || Fusarium oxysporum || mycelium,fungivore,lab,0,medline,Soil Allies: Exploring the Combined Potential of Folsomia candida and Trichoderma spp. Against Fusarium oxysporum.,"We conducted separate in vitro assays to assess fungal antagonism and feeding preferences of the springtail. The results demonstrated that all Trichoderma species significantly inhibited F. oxysporum growth, whilst F. candida showed a marked preference for consuming F. oxysporum mycelium over that of the tested Trichoderma species. These findings suggest that both organisms may contribute to the reduction of F. oxysporum independently.",-1,-1,T014,
P014,PMC11537059,Folsomia candida,species,,trophic_guild,What does Folsomia candida feed on?,"F. verticillioides, F. graminearum, A. ochraceus, and A. nidulans || mycotoxin-producing fungi || fungi",fungivore,lab,0,pmc,Effects of mycotoxin-producing fungi on the fitness and gut bacterial community of the soil springtail Folsomia candida,"RESULTS Mycotoxin-producing fungi inhibit the growth of springtails The diet plays a crucial role in regulating the physiological state of F. candida (11, 54). The food preference assay showed F. candida, as a fungivorous species, prefers F. verticillioides, F. graminearum, A. ochraceus, and A. nidulans as their diet compared to the rice medium that supports the consumption of mycotoxin-producing fungi than substrate medium by springtails (Fig. S1).",-1,-1,T016,
P015,PMC8510581,Folsomia candida,species,,trophic_guild,What does Folsomia candida feed on?,vegetative hyphae and conidia || A. nidulans || hyphae,fungivore,literature,0,pmc,Secondary metabolites of Hülle cells mediate protection of fungal reproductive and overwintering structures against fungivorous animals,"Thus, a potent protection mechanism against predators is needed to ensure long-term survival. While feeding on A. nidulans, the fungivorous springtail F. candida prefers vegetative hyphae and conidia to cleistothecia (Döll et al., 2013). The cleistothecia are covered with globose Hülle cells which are suggested to serve as nursing cells (Sarikaya-Bayram et al., 2010) and fungal backup stem cells with nuclear storage function to produce genetically diverse spores in changing nutrient conditions (Troppens et al., 2020).",-1,-1,T112,
P016,16958906,Folsomia candida,species,,trophic_guild,What does Folsomia candida feed on?,Phanerochaete velutina mycelial systems || Phanerochaete velutina || mycelial,fungivore,lab,0,medline,Compensatory growth of Phanerochaete velutina mycelial systems grazed by Folsomia candida (Collembola).,Compensatory growth of Phanerochaete velutina mycelial systems grazed by Folsomia candida (Collembola). Phanerochaete velutina is a major agent of wood decomposition in temperate forests.,-1,-1,T201,
P017,24068353,Folsomia candida,species,,trophic_guild,What does Folsomia candida feed on?,the filamentous fungus Aspergillus nidulans || Aspergillus nidulans,fungivore,lab,0,medline,Fungal metabolic plasticity and sexual development mediate induced resistance to arthropod fungivory.,"However, whether fungi change their secondary metabolite composition to increase resistance against arthropod fungivory is unknown. We demonstrate that grazing by a soil arthropod, Folsomia candida, on the filamentous fungus Aspergillus nidulans induces a phenotype that repels future fungivores and retards fungivore growth. Arthropod-exposed colonies produced significantly higher amounts of toxic secondary metabolites and invested more in sexual reproduction relative to unchallenged fungi.",-1,-1,T202,
P018,27510404,Folsomia candida,species,,trophic_guild,What does Folsomia candida feed on?,S. perfoliatum litter || litter,detritivore,lab,0,medline,Influence of Lumbricus terrestris and Folsomia candida on N2 O formation pathways in two different soils - with particular focus on N2 emissions.,"The N2 O/(N2 + N2 O) product ratio was predominantly affected by abiotic soil characteristics (loamy soil: 0.14, sandy soil: 0.26). CONCLUSIONS When feeding on S. perfoliatum litter, the anecic L. terrestris, but not the euedaphic F. candida, has the potential to cause substantial N losses. Biotic interactions between the species are not influential, but abiotic soil characteristics have an effect.",-1,-1,T203,
P019,32251369,Folsomia candida,species,,trophic_guild,What does Folsomia candida feed on?,the Streptomyces colonies || Streptomyces,bacterivore,lab,0,medline,Developmentally regulated volatiles geosmin and 2-methylisoborneol attract a soil arthropod to Streptomyces bacteria promoting spore dispersal.,"Moreover, the genes for geosmin and 2-MIB synthases are under the direct control of sporulation-specific transcription factors, constraining emission of the odorants to sporulating colonies. F. candida feeds on the Streptomyces colonies and disseminates spores both via faecal pellets and through adherence to its hydrophobic cuticle. The results indicate that geosmin and 2-MIB production is an integral part of the sporulation process, completing the Streptomyces life cycle by facilitating dispersal of spores by soil arthropods.",-1,-1,T204,
P020,PMC10103860,Folsomia candida,species,,trophic_guild,What does Folsomia candida feed on?,black fungi,fungivore,literature,1,pmc,Microbiome analysis in Lascaux Cave in relation to black stain alterations of rock surfaces and collembola Alonso et al.,"Black fungi rather than Pseudomonas are consumed by cave collembola Collembola on black stains (Figure S1) were identified as F. candida by cox1 sequencing of 11 collembola samples. Earlier experiments carried out in vitro showed that F. candida was able to graze on black fungi and probably to feed on them (Bastian et al., 2010), but these findings relied on laboratory experiments and evidence of assimilation of fungal constituents in the collembola biomass was lacking. To assess whether collembola could assimilate organic C from black fungi (rather than from pseudomonads), we performed isotopic assays.",-1,-1,T205,
P021,PMC11259807,Folsomia candida,species,,trophic_guild,What does Folsomia candida feed on?,the external hyphae of AMF || hyphae of AMF || AMF,fungivore,literature,0,pmc,Mycorrhizae in mine wasteland reclamation,"However, it is widely recognized that mycorrhizae can reduce the severity of plant nematode diseases. Collembola Folsomia candida has been observed feeding on the external hyphae of AMF, potentially reducing the efficacy of mycorrhiza on plants. Soil microfauna feeding on the locally enhanced productivity of the microflora in the rhizosphere provides food resources for grazers such as nematodes and protozoa, leading to increased nutrient availability and plant growth.",-1,-1,T207,
P022,PMC5490193,Folsomia candida,species,,trophic_guild,What does Folsomia candida feed on?,fungi growing on organic surfaces || fungi,fungivore,literature,0,pmc,Coping with living in the soil: the genome of the parthenogenetic springtail Folsomia candida,"Collembolans are a globally significant group of organisms that play a major role in soil functioning [18], particularly through their effect on the rate of litter decomposition and nutrient fluxes [19]. F. candida prefers grazing on fungi growing on organic surfaces rather than on soil particles [5], which has been suggested to stimulate the spread of fungal infections among plants [20]. These plants benefit from a moderate amount of grazing activity by having an increased transfer of spores of essential arbuscular mycorrhizal fungi (AMF) from other plants [21].",-1,-1,T209,
P023,15021980,Folsomia candida,species,,trophic_guild,What does Folsomia candida feed on?,seven saprophytic fungal species || saprophytic fungal species || fungi,fungivore,lab,0,medline,"Growth and reproduction of fungal feeding Collembola as affected by fungal species, melanin and mixed diets.","Fungal feeding soil invertebrates feed on a wide spectrum of fungal species suggesting that mixed diets increase fitness. We investigated relationships between food preferences for seven saprophytic fungal species/forms and fitness parameters (mortality, growth, time to reproduction, reproduction, egg size) in two Collembola species, Folsomia candida and Protaphorura armata. The fungal species/forms studied included the wild type and a melanin-deficient form of Aspergillus fumigatus to investigate the role of melanin in collembolan nutrition.",-1,-1,T316,food-preference and fitness experiment
P024,PMC10878821,Folsomia candida,species,,trophic_guild,What does Folsomia candida feed on?,T. virens || Trichoderma virens || T. virens Gv29.8,fungivore,lab,0,pmc,Ecological functions of fungal sesquiterpenes in the food preference and fitness of soil Collembola,"[50]. In the case of T. virens Gv29.8, the food preference of F. candida was not linked to differences in fitness for this fungivore. Host preferences of fungivores do not always correspond to optimal fitness gains, and food sources that are less preferred in preference tests might not have consequences for fungivore fitness [50,53].",-1,-1,T325,choice experiments with T. virens
P025,PMC4829882,Folsomia candida,species,,trophic_guild,What does Folsomia candida feed on?,preferred fungal species || fungal species || fungi,fungivore,literature,0,pmc,Biofilm feeding: Microbial colonization of food promotes the growth of a detritivorous arthropod,"Our results also show that faeces-colonizing microbiota did not increase the nutritive value of food as suggested by an earlier study (Hassall and Rushton 1982), questioning the nutritional role of coprophagy in terrestrial isopods (see also Kautz et al. 2002). Fungi are a common taxonomic group in biofilm associations and feeding on preferred fungal species increased the growth and reproduction of the Collembola species Folsomia candida and Protaphorura armata (Scheu and Simmerling 2004). We did not include fungi in our study since biodiversity of fungi is until today poorly known and the optimal DNA-based methods for its assessment are still debated (Kõljalg et al. 2013).",-1,-1,T329,cites Scheu and Simmerling 2004
P026,PMC9968043,Folsomia candida,species,,trophic_guild,What does Folsomia candida feed on?,fungi without chemical defenses || fungi without repellant crystalline structures || modified A. nidulans || fungi,fungivore,literature,0,pmc,Mycophagy: A Global Review of Interactions between Invertebrates and Fungi,"When offered wild-type A. nidulans and modified A. nidulans lacking SMs, F. candida preferentially consumes modified A. nidulans and shows a higher reproductive fitness compared to when it only preys on wild-type A. nidulans [44]. Similarly, F. candida prefers fungi without repellant crystalline structures or SMs on the hyphae and has a higher reproductive fitness when feeding on fungi without chemical defenses [45]. Fungi show induced resistance against grazing, i.e., showing a heightened defensive state after stimulation.",-1,-1,T335,review of mycophagy
P027,28310911,Folsomia fimetaria,species,,trophic_guild,What does Folsomia fimetaria feed on?,bacteria and protozoa || bacteria,bacterivore|microbivore,lab,0,medline,"Barley straw decomposition with varied levels of microbial grazing by Folsomia fimetaria (L.) (Collembola, Isotomidae).","Fungal production was low, less than 5% of the estimated microbial production, and could not account for all collembolan growth during incubation. F. fimetaria appeared to consume mainly bacteria and protozoa, and had little impact on carbon mineralization.",-1,-1,T021,microcosm study; the source the expert review cites
P028,28313106,Folsomia fimetarioides,species,,trophic_guild,What does Folsomia fimetarioides feed on?,metal-tolerant fungi || fungi,fungivore,lab,0,medline,(trait-mining source),,-1,-1,X001,expert review: fungal preference under experimental conditions (keep with note)
P029,PMC10980659,Folsomia octoculata,species,,trophic_guild,What does Folsomia octoculata feed on?,root-derived carbon || mycorrhizal fungi,herbivore|fungivore,isotope,1,pmc,"Trophic niches of Collembola communities change with elevation, but also with body size and life form","Its dominance across elevations likely also reflects its high trophic plasticity living as primary decomposer at lower elevations and as secondary decomposer at higher elevations, consuming microbes, microbial residues and/or other isotopic enriched resources. In fact, F. octoculata was also found to incorporate root-derived carbon (Fujii et al. 2016) and the higher trophic position at higher elevations therefore may be related to increased feeding on mycorrhizal fungi. Besides these variations within species, the reported trophic shifts of Collembola communities were, at least to a certain extent, also due to species turnover.",-1,-1,T024,
P030,PMC4947257,Folsomia quadrioculata,species,,trophic_guild,What does Folsomia quadrioculata feed on?,litter,detritivore,literature,0,pmc,Founder events and pre-glacial divergences shape the genetic structure of European Collembola species,"Ceratophysella denticulata feeds on bacteria and fungi but presumably also on other soil animals such as nematodes [21, 38]. While C. denticulata functions as secondary decomposer, F. quadrioculata is a typical primary decomposer feeding predominantly on litter [21]. In contrast, I. minor presumably mainly feeds on bacteria [39, 40].",-1,-1,T026,
P031,10.3897/subtbiol.16.8609,Heteromurus nitidus,species,,trophic_guild,What does Heteromurus nitidus feed on?,nematodes,predator,literature,1,pmc,Food sources of selected terrestrial cave arthropods,"The food selection of the Collembola appears to be broad, reflecting various microhabitats inhabited by representatives of this group (Tebbe et al. 2006). F. candida and Heteromurus nitidus, frequent cave inhabitants, may even feed on nematodes (Lee and Widden 1996; Fiera 2014). The isopod Mesoniscus graniger represents a contrasting case in nutrition selection, as seen in its low specificity of grazed food.",-1,-1,T028,
P032,38357856,Heteromurus nitidus,species,,trophic_guild,What does Heteromurus nitidus feed on?,Zymoseptoria tritici || Z. tritici || fungal pathogen,fungivore,lab,0,medline,The collembolan Heteromurus nitidus grazes the wheat fungal pathogen Zymoseptoria tritici on infected tissues: opportunities and limitations for bioregulation.,"During inter-epidemic periods the fungus survives in wheat residues left on the ground. In this study, we tested the potential of the collembolan Heteromurus nitidus - a springtail species present in field soils and known to interact with different fungal species - as a potential bioregulation agent of Z. tritici on wheat residues through a choice and consumption experiment. RESULTS Springtails preferred inoculated fresh residues but did not have a preference between inoculated and uninoculated old residues.",-1,-1,T029,
P033,35070508,Isotoma caerulea,species,,trophic_guild,What does Isotoma caerulea feed on?,plant litter and root exudates || plant litter || root exudates,detritivore|herbivore,isotope,0,medline,Trophic niche but not abundance of Collembola and Oribatida changes with drought and farming system.,"We simulated short-term summer drought by excluding 65% of the ambient precipitation in conventionally and organically managed winter wheat fields on the DOK trial in Switzerland. Stable isotope values suggest that plant litter and root exudates were the most important resources for Collembola (Isotoma caerulea, Isotomurus maculatus and Orchesella villosa) and older plant material and microorganisms for Oribatida (Scheloribates laevigatus and Tectocepheus sarekensis). Drought treatment and farming systems did not affect abundances of the studied species.",-1,-1,T038,
P034,PMC7564799,Isotoma viridis,species,,trophic_guild,What does Isotoma viridis feed on?,Fungal hyphae || Fungal spores || Diatom algae,fungivore|algivore,gut,0,pmc,Ecosystem Birth near Melting Glaciers: A Review on the Pioneer Role of Ground-Dwelling Arthropods,"Simplified from [11]. Species Gut Content 3 Years 30–40 Years 63 Years Isotoma viridis Mineral particles ++++ ++++ + Diatom algae + - - Fungal hyphae + ++ ++++ Fungal spores + ++ - Lepidocyrtus lignorum Mineral particles ++++ ++++ + Diatom algae - - - Fungal hyphae + ++ +++ Fungal spores - ++ +++ This Table illustrates how various specialists and generalists together can shape a pioneer arthropod community. Data from 0 to 7 year old foreland of Hardangerjøkulen glacier, Norway.",-1,-1,T041,gut-content table; mineral particles left out of the gold (not food)
P035,PMC8093729,Isotoma viridis,species,,trophic_guild,What does Isotoma viridis feed on?,dead organic matter || microorganisms,detritivore|microbivore,isotope,1,pmc,Incorporation of mineral nitrogen into the soil food web as affected by plant community composition,"Further, L. berlesei develops fast, reaching maturity after only 9–19 days (Christian & Karg, 2006), suggesting that this species incorporates mineral‐derived N from prey species within a few days. Intermediate levels of mineral‐derived N incorporated into animals, such as the Collembola I. viridis, P. notabilis, and S. denisi, suggest that these species only in part fed on microorganisms and that their diet includes a substantial amount of dead organic matter. However, as these species have been assumed to be predominantly microbivorous (Berg et al., 2004; Chahartaghi et al., 2005; Ngosong et al., 2011), slow tissue turnover rate may also have contributed to the lower 15N incorporation as compared to the microbivorous Ceratophysella sp. and L. cyaneus.",-1,-1,T042,
P036,PMC4947257,Isotomiella minor,species,,trophic_guild,What does Isotomiella minor feed on?,bacteria,bacterivore,literature,1,pmc,Founder events and pre-glacial divergences shape the genetic structure of European Collembola species,"While C. denticulata functions as secondary decomposer, F. quadrioculata is a typical primary decomposer feeding predominantly on litter [21]. In contrast, I. minor presumably mainly feeds on bacteria [39, 40]. Due to its parthenogenetic mode of reproduction, I. minor likely recovers more quickly from disturbances and colonizes new habitats faster than sexual species [32].",-1,-1,T043,
P037,28313106,Isotomiella minor,species,,trophic_guild,What does Isotomiella minor feed on?,fungi of different metal tolerance || fungi,fungivore,lab,0,medline,On the advantage of Folsomia fimetarioides over Isotomiella minor (Collembola) in a metal polluted soil.,"On the advantage of Folsomia fimetarioides over Isotomiella minor (Collembola) in a metal polluted soil. Food preference, metal avoidance behaviour and desiccation tolerance were investigated for two collembolan species, Folsomia fimetarioides and Isotomiella minor, in order to test some hypotheses for their different distributions in relation to a heavy metal gradient. F. fimetarioides showed a higher preference for metal tolerant fungi than I. minor when they were offered fungi of different metal tolerance.",-1,-1,T350,comparative food-preference test; I. minor preferred metal-tolerant fungi less than F. fimetarioides
P038,PMC6955927,Isotomurus palustris,species,,trophic_guild,What does Isotomurus palustris feed on?,nematodes || nematode,predator,literature,0,pmc,Soil Microarthropods and Soil Health: Intersection of Decomposition and Pest Suppression in Agroecosystems,"Using molecular markers, Read et al. [81] detected nematode-feeding by the collembolans, Isotoma viridis and Isotomurus palustris. The collembolan, Onychiurus armatus, perforated the cysts of Heterodera cruciferae and consumed the nematodes within the cysts [89]. 3.5.",-1,-1,T046,
P039,A2620B55FFE2FFF9FF6CFF19FD5A8723,Lepidocyrtus chorus,species,,trophic_guild,What does Lepidocyrtus chorus feed on?,pollen || plant material || fungal hyphae,herbivore|fungivore,gut,0,plazi,"Lepidocyrtus chorus Mateos & Lukić 2019, sp. nov.","(2018). Analyses of gut content revealed definite preference of L. chorus sp. nov. for feeding on pollen of just one plant species (possibly of a Brassica species) at the time of the sampling on 29.iv.2015, while on 25.ix.2018 the gut was filled with plant material, fungal hyphae, conidia, brown amorphous material but also with pollen of several plant species. Unfortunately, filmed specimens on 07.x.2016 are not available for the study of gut content.",-1,-1,T048,
P040,PMC6568236,Lepidocyrtus curvicollis,species,,trophic_guild,What does Lepidocyrtus curvicollis feed on?,mycelium || fungi || fungivore,fungivore,lab,0,pmc,Competition and Predation in Soil Fungivorous Microarthropods Using Stable Isotope Ratio Mass Spectrometry,"Experimental treatments were various combinations of 1, 2, 3, 4 microarthropods species. We used three fungivores (the collembolan Lepidocyrtus curvicollis, the Astigmata Tyrophagus putrescentiae, the Oribatida Oribatula tibialis), and the Mesostigmata predator Hypoaspis acquilifer. We collected individuals of each species separately, as well as their feces, and molt where available.",-1,-1,T050,
P041,PMC6387494,Lepidocyrtus cyaneus,species,,trophic_guild,What does Lepidocyrtus cyaneus feed on?,fungivorous || fungi,fungivore,isotope,0,pmc,Protura are unique: first evidence of specialized feeding on ectomycorrhizal fungi in soil invertebrates,"High concentration of the plant marker fatty acids 16:0 und 18:1ω9 in A. gallicum might reflect that via feeding on ECM they incorporate plant fatty acids transported into ECM [33, 34]. In contrast to our hypothesis, A. gallicum contained little 18:2ω6,9, a dominant component of the lipid membrane of fungi commonly used as fungal biomarker [35] and reaching high concentrations in fungivorous microarthropods such as Lepidocyrtus cyaneus Tullberg, 1871 (21.86 ± 1.64%; S. Bluhm, unpubl. data).",-1,-1,T051,fatty-acid biomarker
P042,PMC8093729,Lepidocyrtus cyaneus,species,,trophic_guild,What does Lepidocyrtus cyaneus feed on?,fungi || bacteria,fungivore|bacterivore,literature,0,pmc,Incorporation of mineral nitrogen into the soil food web as affected by plant community composition,"The Collembola species L. cyaneus incorporated less 15N than Ceratophysella sp., but still incorporation was high 5 days after labeling, which also suggests that this species acquired much of its N from feeding on microorganisms. This is in line with other studies reporting L. cyaneus to preferentially feed on fungi and to a minor degree on bacteria (Berg et al., 2004; Ferlian et al., 2015). Unexpectedly, also the predatory Gamasina species L. berlesei quickly incorporated high amounts of mineral‐derived N similar to the level in its potential prey species L. cyaneus.",-1,-1,T052,
P043,PMC7564799,Lepidocyrtus lignorum,species,,trophic_guild,What does Lepidocyrtus lignorum feed on?,Fungal hyphae || Fungal spores,fungivore,gut,0,pmc,Ecosystem Birth near Melting Glaciers: A Review on the Pioneer Role of Ground-Dwelling Arthropods,"Simplified from [11]. Species Gut Content 3 Years 30–40 Years 63 Years Isotoma viridis Mineral particles ++++ ++++ + Diatom algae + - - Fungal hyphae + ++ ++++ Fungal spores + ++ - Lepidocyrtus lignorum Mineral particles ++++ ++++ + Diatom algae - - - Fungal hyphae + ++ +++ Fungal spores - ++ +++ This Table illustrates how various specialists and generalists together can shape a pioneer arthropod community. Data from 0 to 7 year old foreland of Hardangerjøkulen glacier, Norway.",-1,-1,T054,gut-content table; mineral particles left out of the gold (not food)
P044,PMC8366837,Lepidocyrtus violaceus,species,,trophic_guild,What does Lepidocyrtus violaceus feed on?,yeast,fungivore,lab,0,pmc,Improving the application of quantitative fatty acid signature analysis in soil food webs: The effects of diet fat content,"In L. violaceus, there were no significant differences observed in the 3‐day experiments featuring a15:0 and 16:1ω5. Average biomass [µmol/g fresh weight] of marker fatty acids in the signatures of pure yeast diet and the experimental trials as well as signatures of the three Collembola consumers Protaphorura fimata, Folsomia candida, and Lepidocyrtus violaceus in both 3‐ and 6‐day feeding experiments Note Given are ANOVA F and p values and Tukey's HSD (p < .05). Letters indicate significant differences between the experiments within one species.",-1,-1,T056,
P045,PMC7009882,Mesaphorura krausbaueri,species,,trophic_guild,What does Mesaphorura krausbaueri feed on?,pathogenic fungi || fungi,fungivore,lab,0,pmc,Scientific Opinion addressing the state of the science on risk assessment of plant protection products for in‐soil organisms,"The successful control of fungal biomass and the reduction of deoxynivalenol of Fusarium‐infected dead organic matter has been demonstrated for the earthworm species Aporrectodea caliginosa and Lumbricus terrestris (Oldenburg et al., 2008; Wolfarth et al., 2011a,b) and for the collembolan Folsomia candida and the nematode Aphelenchoides saprophilus (Wolfarth et al., 2013, 2015). Sabatini and Innocenti (2001) could show that the selective feeding activity of the collembolan species Onychiurus armatus and Mesaphorura krausbaueri on pathogenic fungi of millet and wheat kernels significantly reduced the severity of the disease complex in winter cereals. Also, the interaction between the activity of the grazing collembola Proisotoma minuta and Onychiurus encarpatus and those of three biocontrol fungi were studied for suppression of Rhizoctonia solani on cotton (Curl et al., 1988; Lartey et al., 1994).",-1,-1,T057,
P046,PMC4495557,Neanura muscorum,species,,trophic_guild,What does Neanura muscorum feed on?,P. polycephalum slime mould || slime mould || slime mold,fungivore,lab,0,pmc,Growth and reproduction of laboratory-reared neanurid Collembola using a novel slime mould diet,"All analyses were performed in R statistical software42. Results Only sub-groups of N. muscorum given the P. polycephalum slime mould diet reached sexual maturity and laid eggs. Six out of nine of these sub-groups laid eggs while the three remaining sub-groups, despite appearing to be of comparable maturity, did not.",-1,-1,T058,"slime moulds grouped with fungi, as in the trait pipeline"
P047,28310912,Onychiurus armatus,species,,trophic_guild,What does Onychiurus armatus feed on?,fungi,fungivore,lab,0,medline,Influence of fungi on growth and survival of Onychiurus armatus (Collembola) in a metal polluted soil.,"Allometric growth, on the other hand, was significantly reduced when Collembola was given surplus of metal polluted fungi, whereas growth losses caused by metals were offset by protein rich food. Hence, sufficient food quantities alone could overcome mortality losses but not growth retardation in a metal polluted environment.Feeding preference of O. armatus was not determined by the protein content of the fungi although this was beneficial for growth. Metals changed the relative palatability of fungal species, but one of the metal tolerant species, Paecilomyces farinosus, which was also protein rich, remained reasonably attractive for O. armatus also when it was metal polluted.",-1,-1,T059,
P048,28313620,Onychiurus armatus,species,,trophic_guild,What does Onychiurus armatus feed on?,Verticillium bulbillosum and Penicillium spinulosum || soil fungi || fungal biomass,fungivore,lab,0,medline,Patchiness and compensatory growth in a fungus-Collembola system.,"Patchiness and compensatory growth in a fungus-Collembola system. The compensatory growth potential of a grazed fungal biomass was mathematically expressed as a function of patchiness in its distribution and demonstrated in an experiment using the fungivorous collembolan Onychiurus armatus and the soil fungi Verticillium bulbillosum and Penicillium spinulosum. The model addresses the regrowth potential in relation to patch fragmentation, travelling time and consumption rate of the collembolan and the mean relative growth rate of the fungus.",-1,-1,T060,
P049,PMC6955927,Onychiurus armatus,species,,trophic_guild,What does Onychiurus armatus feed on?,the nematodes within the cysts || nematodes || Heterodera cruciferae,predator,lab,0,pmc,Soil Microarthropods and Soil Health: Intersection of Decomposition and Pest Suppression in Agroecosystems,"[81] detected nematode-feeding by the collembolans, Isotoma viridis and Isotomurus palustris. The collembolan, Onychiurus armatus, perforated the cysts of Heterodera cruciferae and consumed the nematodes within the cysts [89]. 3.5. Support of Natural Enemies of Pests as Alternate Prey In addition to acting as predators or omnivorous multi-channel feeders, microarthropods can serve as prey items for predatory epigeal and euedaphic macroarthropods.",-1,-1,T061,
P050,PMC9968043,Onychiurus armatus,species,,trophic_guild,What does Onychiurus armatus feed on?,U. isabellina || Umbelopsis isabellina,fungivore,literature,0,pmc,Mycophagy: A Global Review of Interactions between Invertebrates and Fungi,"In a food preference experiment, Onychiurus armatus (Collembola) were presented odors from Metapochonia bulbillosa (Hypocreales, Sordariomycetes), Penicillium spinulosum (Eurotiales, Eurotiomycetes), and Umbelopsis isabellina (Umbelopsidales, Umbelopsidomycetes) [176]. Odors emitted by P. spinulosum and U. isabellina were indistinguishable from O. armatus, but they preferred to feed on U. isabellina when allowed to taste the fungi [177]. Preferences also changed depending on whether the fungi were grown on agar or soil.",-1,-1,T125,review of mycophagy
P051,10508937,Onychiurus fimatus,species,,trophic_guild,What does Onychiurus fimatus feed on?,bacteria,bacterivore,lab,0,medline,"Fate of plasmid-bearing, luciferase marker gene tagged bacteria after feeding to the soil microarthropod Onychiurus fimatus (Collembola).","Fate of plasmid-bearing, luciferase marker gene tagged bacteria after feeding to the soil microarthropod Onychiurus fimatus (Collembola). In order to study the potential impact of the soil microarthropod Onychiurus fimatus (Collembola) on the microbial community, we analysed the fate of luciferase marker gene tagged bacterial strains fed to young adult specimens in petri dish microcosm experiments.",-1,-1,T064,
P052,PMC10878821,Onychiurus sinensis,species,,trophic_guild,What does Onychiurus sinensis feed on?,Trichoderma polysporum,fungivore,lab,0,pmc,Ecological functions of fungal sesquiterpenes in the food preference and fitness of soil Collembola,"Previous studies have shown that Trichoderma species are generally unattractive to fungivores such as Collembola and are therefore presumably well defended. Severe fitness penalties, including the failure to reproduce, have been reported for the Collembola Onychiurus sinensis when feeding on Trichoderma polysporum [21] and for F. candida and Folsomia fimetari when feeding on Trichoderma harzianum [20]. Klironomos & Ursic [19] showed that F. candida feeding on T. harzianum resulted in intermediate reproductive performance and survival compared to two other fungi, suggesting strong species- and strain-specific effects.",-1,-1,T065,
P053,12919785,Orchesella cincta,species,,trophic_guild,What does Orchesella cincta feed on?,algae,algivore,lab,0,medline,A solvent-free method for spiking terrestrial algae (Desmococcus spp.) with pyrene for use in bioassays.,"The acetone-spiked algae lost much of its cell integrity and a significant amount of pigment, while cell integrity was maintained after 120 h spiking using the PDA method. Results from a short bioassay with Orchesella cincta (Collembola, Insecta) showed that animals fed acetone-spiked algae had slower growth rates and higher concentrations of pyrene metabolites than animals fed PDA-spiked algae. It is speculated that this was the result of the poor quality of the acetone-spiked food, and that the difference in food quality between treatments stimulated changes in body composition that may have affected the production of pyrene metabolites.",-1,-1,T069,
P054,12927496,Orchesella cincta,species,,trophic_guild,What does Orchesella cincta feed on?,C. cladosporioides || Cladosporium cladosporioides,fungivore,lab,0,medline,Indications for the tracking of elevated nitrogen levels through the fungal route in a soil food web.,"For all three fungal species maximum growth was highest at intermediate N content (1.55%) of the substrate. The fungivorous collembolan Orchesella cincta reached highest asymptotic body mass when fed with C. cladosporioides, grown on litter medium with intermediate N content (1.55%). The growth of O. cincta was lower when fed with C. cladosporioides from litter medium with the highest N content (2.19%).",-1,-1,T070,
P055,PMC5802828,Orchesella cincta,species,,trophic_guild,What does Orchesella cincta feed on?,plants and algae || algae,algivore|herbivore,literature,0,pmc,Diversity and metabolic potential of the microbiota associated with a soil arthropod,"This aerobic catabolic pathway converts aromatics such as the breakdown products of lignin, through catechol and protocatechuate to citric acid cycle intermediates. Lignin is a component of cell walls of plants and algae, which is both part of the diet of O. cincta. Some of these enzymes are also dehalogenate muconate derivatives of xenobiotic haloaromatics.",-1,-1,T072,
P056,PMC8453724,Orchesella flavescens,species,,trophic_guild,What does Orchesella flavescens feed on?,plant particles || plant-synthesised FAs and plant particles || plant material,herbivore|detritivore,gut,0,pmc,"Multidimensional trophic niche revealed by complementary approaches: Gut content, digestive enzymes, fatty acids and stable isotopes in Collembola","Multidimensional trophic niches of Collembola species Principal component analysis revealed trophic niche differentiation among the six selected species that had data across seven trophic niche parameters (Figure 2). The strongest distinction in multidimensional trophic niche space was observed between Orchesella flavescens (surface‐dwelling species of Entomobryidae) and Protaphorura (soil‐dwelling genus of Onychiuridae). The former species was associated with high proportions of plant‐synthesised FAs and plant particles in the gut, and the latter with high proportions of fungi‐synthesised FAs and fungi in the gut (PC1 and PC2).",-1,-1,T362,gut content and fatty-acid profile
P057,PMC8761369,Orchesella villosa,species,,trophic_guild,What does Orchesella villosa feed on?,wheat plants || primary decomposers || plant material || plant-derived resources,detritivore|herbivore,isotope,0,pmc,Trophic niche but not abundance of Collembola and Oribatida changes with drought and farming system,"Based on the Δ13C and Δ15N values of the individual species, the studied taxa can be separated into three groups, the three Collembola species, the Oribatida species T. sarekensis and the Oribatida species S. laevigatus. The three Collembola species I. caerulea, I. maculatus and O. villosa had Δ15N values close to zero, indicating they are closely linked to wheat plants and suggesting that they live as primary decomposers that are little enriched in 15N (−0.05‰, −0.12‰, 1.23‰, respectively). Earlier studies also found large epi- and hemiedaphic Collembola species, such as the ones we studied, to predominantly feed on plant-derived resources in both agroecosystems and forests (Pollierer et al., 2009; Birkhofer et al., 2016; Potapov et al., 2016).",-1,-1,T074,
P058,PMC8093729,Parisotoma notabilis,species,,trophic_guild,What does Parisotoma notabilis feed on?,microorganisms associated with roots || microorganisms,microbivore,isotope,1,pmc,Incorporation of mineral nitrogen into the soil food web as affected by plant community composition,"In P. notabilis and S. denisi, Δ15N values increased with increasing plant species richness early in the experiment, but this effect disappeared later. Presumably, this reflects that certain species of microorganisms associated with roots incorporated more 15N in more diverse plant communities and were heavily grazed by microbivorous microarthropods such as P. notabilis and S. denisi. In addition to plant species richness, Δ15N values of microarthropods also varied significantly with plant functional group richness.",-1,-1,T075,
P059,03A3A308FFF8FF854C9AFDE1045F1635,Prabhergia mana,species,,trophic_guild,What does Prabhergia mana feed on?,fungi,fungivore,field,1,plazi,"Prabhergia mana Mendonça & Signes, 2024, sp. nov.","The finding of Prabhergia mana sp. nov. in the Rio de Janeiro Botanical Garden resembles the type habitat of P. imadatei , since both were described based on specimens collected in non-natural environments. However, these species differ in terms of their form of occupation and search for resources, considering that the Chinese species was collected in soil litter and P. mana sp. nov. in bee nesting holes, where its diet probably consists of fungi. Perhaps future information based on molecular data can improve our understanding on the processes of differentiation between P. imadatei and P. mana sp. nov. and their phylogenetic relationships with other members of the genus.",-1,-1,T076,Plazi treatment: 'diet probably consists of fungi'
P060,18066606,Proisotoma minuta,species,,trophic_guild,What does Proisotoma minuta feed on?,mycophagous || mycelia || fungi,fungivore,lab,0,medline,Tricholoma matsutake 1-Ocen-3-ol and methyl cinnamate repel mycophagous Proisotoma minuta (Collembola: Insecta).,"Tricholoma matsutake 1-Ocen-3-ol and methyl cinnamate repel mycophagous Proisotoma minuta (Collembola: Insecta). Two major volatiles produced by the mycelia and fruiting bodies of Tricholoma matsutake (1-octen-3-ol and methyl cinnamate) repel a mycophagous collembolan, Proisotoma minuta. Aggregation of the collembolans on their diet was significantly inhibited by exposure to 1 ppm methyl cinnamate or 10 to 100 ppm 1-octen-3-ol.",-1,-1,T077,
P061,PMC9067988,Proisotoma minuta,species,,trophic_guild,What does Proisotoma minuta feed on?,Rhizoctonia solani || mycophagous || fungi,fungivore,literature,0,pmc,Complete mitochondrial genome of Proisotoma minuta (Collembola: Proisotominae),"Proisotoma minuta shows high sensitivity to cadmium, copper, and zinc, but it could tolerate high levels of lead (Nursita et al. 2005), arsenic (Greenslade and Vaughan 2003), and mercury (Buch et al. 2016). Proisotoma minuta may play a major role in the biological control of plant pathogens, such as Rhizoctonia solani, due to its mycophagous characteristic (Lartey et al. 1991). Here, the mitochondrial genome of P. minuta was assembled, which could be helpful for assessing its systematic position.",-1,-1,T080,
P062,PMC6085370,Proisotoma minuta,species,,trophic_guild,What does Proisotoma minuta feed on?,fungivorous || fungi,fungivore,literature,0,pmc,Soil microarthropods alter the outcome of plant-soil feedback experiments,"We performed a PSF experiment in microcosms with two plant species, Phleum pratense and Poa pratensis. We added a model microarthropod community consisting of three fungivorous springtail species (Proisotoma minuta, Folsomia candida, and Sinella curviseta) and a predatory mite (Hypoaspis aculeifer) to half of the microcosms. We measured seedling establishment and plant biomass, nematode and microbial community composition, microbial biomass, and mycorrhizal colonization of roots.",-1,-1,T371,label in the experimental design; same sentence as the kept S. curviseta item
P063,15021980,Protaphorura armata,species,,trophic_guild,What does Protaphorura armata feed on?,saprophytic fungal species || fungi,fungivore,lab,0,medline,"Growth and reproduction of fungal feeding Collembola as affected by fungal species, melanin and mixed diets.","Fungal feeding soil invertebrates feed on a wide spectrum of fungal species suggesting that mixed diets increase fitness. We investigated relationships between food preferences for seven saprophytic fungal species/forms and fitness parameters (mortality, growth, time to reproduction, reproduction, egg size) in two Collembola species, Folsomia candida and Protaphorura armata. The fungal species/forms studied included the wild type and a melanin-deficient form of Aspergillus fumigatus to investigate the role of melanin in collembolan nutrition.",-1,-1,T081,
P064,PMC10878821,Protaphorura armata,species,,trophic_guild,What does Protaphorura armata feed on?,Trichoderma sp. || Trichoderma,fungivore,lab,0,pmc,Ecological functions of fungal sesquiterpenes in the food preference and fitness of soil Collembola,"These effects on springtail fitness coincided with a general avoidance of Trichoderma strains when other saprophytic or pathogenic fungi were available as food sources [19–22]. By contrast, F. candida and Protaphorura armata showed high fitness and preference when feeding on an unidentified Trichoderma sp. [50].",-1,-1,T083,
P065,PMC11537059,Protaphorura armata,species,,trophic_guild,What does Protaphorura armata feed on?,Fusarium species || Fusarium,fungivore,literature,0,pmc,Effects of mycotoxin-producing fungi on the fitness and gut bacterial community of the soil springtail Folsomia candida,"However, many invertebrates exhibit a high tolerance for mycotoxin-producing fungi and their metabolites (11, 12). For example, Fusarium species are barely toxic to invertebrates, as some species are the preferred diet for Folsomia candida, Heteromurus nitidus, Protaphorura armata, and Tenebrio molitor, and increase the springtails populations (13–15). Some Aspergillus species exhibit relatively lower toxicity to springtails, as they cause little mortality, although animal growth and reproduction are impaired (4, 11).",-1,-1,T376,
P066,26470124,Protaphorura fimata,species,,trophic_guild,What does Protaphorura fimata feed on?,seeds and germinating seedlings of lettuce || seeds || seedlings,herbivore,lab,0,medline,Evidence of Protaphorura fimata (Collembola: Poduromorpha: Onychiuridae) feeding on germinating lettuce in the Salinas Valley of California.,"Evidence of Protaphorura fimata (Collembola: Poduromorpha: Onychiuridae) feeding on germinating lettuce in the Salinas Valley of California. A series of experiments were conducted to determine the impact of Protaphorura fimata Gisin (Family: Onychiuridae) feeding on seeds and germinating seedlings of lettuce, Lactuca sativa L. (Asteraceae).",-1,-1,T085,
P067,PMC3781341,Protaphorura fimata,species,,trophic_guild,What does Protaphorura fimata feed on?,roots,herbivore,literature,0,pmc,Plant-mediated links between detritivores and aboveground herbivores,"The same seems to be true for soil biota in indirect interaction to plants as summarized above for detritivores such as earthworms and Collembola. Interestingly, the Collembola Protaphorura fimata has been reported to act as a root herbivore and may predominately feed on roots (Endlweber et al., 2009). Other well-known detritivores, the crustacean isopods Porcellio scaber and Armadillidium vulgare, can become herbivores on jasmonate-deficient plants (Farmer and Dubugnon, 2009).",-1,-1,T087,
P068,PMC6387494,Protaphorura fimata,species,,trophic_guild,What does Protaphorura fimata feed on?,the fungus Agrocybe gibberosa || Agrocybe gibberosa || fungus,fungivore,lab,0,pmc,Protura are unique: first evidence of specialized feeding on ectomycorrhizal fungi in soil invertebrates,"NLFA analysis added to the results of the stable isotope labelling data suggesting that Protura ingest food resources by sucking on plant based resources. High incorporation of the plant marker fatty acids 16:0 and 18:1ω9 in A. gallicum also has been reported for other fungal feeding animals such as the Collembola species Protaphorura fimata Gisin, 1952 feeding on the fungus Agrocybe gibberosa (Fries) Fayod, 1889 [32]. High concentration of the plant marker fatty acids 16:0 und 18:1ω9 in A. gallicum might reflect that via feeding on ECM they incorporate plant fatty acids transported into ECM [33, 34].",-1,-1,T088,
P069,PMC6458381,Protaphorura fimata,species,,trophic_guild,What does Protaphorura fimata feed on?,fine roots of Zea mays || fine roots || litter resources,herbivore|detritivore,literature,0,pmc,"Collembola interact with mycorrhizal fungi in modifying oak morphology, C and N incorporation and transcriptomics","Root flush In contrast to SF, Protaphorura significantly reduced 15N atom% excess of principal roots and reduced their biomass during RF. Biomass reduction of roots might be due to root feeding and in fact, P. fimata, a closely related species of P. armata, has been shown to switch diet from litter resources in soil to feeding on fine roots of Zea mays (L.) if available [58]. More intensive feeding on roots by Collembola during RF than during SF may reflect that during RF oaks are investing in root growth and therefore allocate plant resources, including compounds of high nutritional value such as sugars and amino acids, into roots.",-1,-1,T215,sentence states the diet switch for P. fimata
P070,15142535,Protaphorura fimata,species,,trophic_guild,What does Protaphorura fimata feed on?,the fungal diet || fungal,fungivore,lab,0,medline,Effects of fungal food quality and starvation on the fatty acid composition of Protaphorura fimata (Collembola).,"A. gibberosa was grown on agar with different nitrogen contents, resulting in altered fatty acid patterns and C:N ratios, i.e. fungi of different food quality. Collembolans did not mirror the lipid composition of the fungal diet as the pattern of major NLFAs in P. fimata was vice versa. Presumably, altered food quality of fungi caused compensatory responses by the collembolans, thereby diminishing the fungal signal.",-1,-1,T216,
P071,26896698,Sinella curviseta,species,,trophic_guild,What does Sinella curviseta feed on?,nematodes || entomopathogenic nematodes,predator,lab,0,medline,Multifaceted effects of host plants on entomopathogenic nematodes.,"Therefore, we hypothesized the reduced virulence and reproduction in S. riobrave infecting tobacco fed insects would be based on a self-medicating tradeoff, such as deterring predation. We tested this hypothesis by assessing predatory success of the mite Sancassania polyphyllae and the springtail Sinella curviseta on nematodes reared on tobacco-fed larvae versus those fed on greater wax moth, Galleria mellonella, tomato fed larvae, or eggplant fed larvae. No advantage was observed in nematodes derived from tobacco fed larvae.",-1,-1,T089,
P072,PMC6085370,Sinella curviseta,species,,trophic_guild,What does Sinella curviseta feed on?,fungivorous || fungi,fungivore,lab,0,pmc,Soil microarthropods alter the outcome of plant-soil feedback experiments,"We performed a PSF experiment in microcosms with two plant species, Phleum pratense and Poa pratensis. We added a model microarthropod community consisting of three fungivorous springtail species (Proisotoma minuta, Folsomia candida, and Sinella curviseta) and a predatory mite (Hypoaspis aculeifer) to half of the microcosms. We measured seedling establishment and plant biomass, nematode and microbial community composition, microbial biomass, and mycorrhizal colonization of roots.",-1,-1,T090,
P073,PMC8093729,Stenaphorura denisi,species,,trophic_guild,What does Stenaphorura denisi feed on?,microorganisms associated with roots || microorganisms,microbivore,isotope,1,pmc,Incorporation of mineral nitrogen into the soil food web as affected by plant community composition,"In P. notabilis and S. denisi, Δ15N values increased with increasing plant species richness early in the experiment, but this effect disappeared later. Presumably, this reflects that certain species of microorganisms associated with roots incorporated more 15N in more diverse plant communities and were heavily grazed by microbivorous microarthropods such as P. notabilis and S. denisi. In addition to plant species richness, Δ15N values of microarthropods also varied significantly with plant functional group richness.",-1,-1,T091,
P074,PMC8536979,Tetrodontophora bielanensis,species,,trophic_guild,What does Tetrodontophora bielanensis feed on?,a large spectrum of fungi || fungi,fungivore,literature,0,pmc,What Are the Most Important Factors Influencing Springtail Tetrodontophora bielanensis?,"However, beetles frequently act as vectors for fungi, while fungi serve as food for the beetles, which is also true for other invertebrates [23,24]. When focusing on the preferences of our species, there is evidence that Tetrodontophora bielanensis feeds on a large spectrum of fungi (not only wood-inhabiting) [25]. Furthermore, a recent study has revealed the capability of springtails to transport spores on their body surface and in their intestines [26], which poses the question of whether wood-inhabiting fungi are good indicators of the food availability for springtails, as collembolans are often considered to be fungivores in soil food webs [27]. 4.3.",-1,-1,T092,
P075,PMC5730192,Thalassaphorura debilis,species,,trophic_guild,What does Thalassaphorura debilis feed on?,marine C4 plants/algae || C3 plant carbon || algae,algivore|herbivore,isotope,0,pmc,The structure of salt marsh soil mesofauna food webs – The prevalence of disturbance,"In contrast, in the pioneer zone bacteria relying on marine detritus as well as algae play a major role as food resource for Collembola and Oribatida. Supporting this view the generalist Collembola species T. debilis predominantly fed on marine C4 plants/algae in the pioneer zone but predominantly on C3 plant carbon in the upper salt marsh. Similarly, other studies showed that the Collembola species Archisotoma pulchella prefers to feed on diatoms [82] and the Oribatida species Ameronothrus lineatus predominantly feeds on green algae [83, 84].",-1,-1,T093,
P076,PMC10980659,Tomocerina varia,species,,trophic_guild,What does Tomocerina varia feed on?,litter,detritivore,isotope,1,pmc,"Trophic niches of Collembola communities change with elevation, but also with body size and life form","This shift is driven predominantly by intraspecific variations rather than species turnover. Large Collembola, such as Tomocerus laxalamella and Tomocerina varia, likely feed on litter and this is reflected by their negative Δ15N values at lower elevations. Negative Δ15N values of primary decomposers have been reported before for Collembola, Diplopoda and Oribatida (Scheu and Falca 2000; Pollierer et al. 2009; Schneider et al. 2004; Maraun et al. 2023) and presumably reflect that they feed on certain litter components depleted in 15N compared to bulk litter material, as shown for 13C of e.g., lignin or lipids (Pollierer et al. 2009).",-1,-1,T094,
P077,28310670,Tomocerus flavescens,species,,trophic_guild,What does Tomocerus flavescens feed on?,algae,algivore,lab,0,medline,"Resource allocation in Tomocerus flavescens (Insecta, Collembola): a study with C-14-labelled food.","Resource allocation in Tomocerus flavescens (Insecta, Collembola): a study with C-14-labelled food. Individuals of the collembolan species Tomocerus flavescens from a beech wood on limestone near Göttingen (West Germany) were fed with C-14-labelled algae in the laboratory. On an average, T. flavescens exchanged almost all of its endogenous carbon after 3.4 moults.",-1,-1,T095,C-14 labelled algae fed in the laboratory
P078,PMC10980659,Tomocerus laxalamella,species,,trophic_guild,What does Tomocerus laxalamella feed on?,litter,detritivore,isotope,1,pmc,"Trophic niches of Collembola communities change with elevation, but also with body size and life form","This shift is driven predominantly by intraspecific variations rather than species turnover. Large Collembola, such as Tomocerus laxalamella and Tomocerina varia, likely feed on litter and this is reflected by their negative Δ15N values at lower elevations. Negative Δ15N values of primary decomposers have been reported before for Collembola, Diplopoda and Oribatida (Scheu and Falca 2000; Pollierer et al. 2009; Schneider et al. 2004; Maraun et al. 2023) and presumably reflect that they feed on certain litter components depleted in 15N compared to bulk litter material, as shown for 13C of e.g., lignin or lipids (Pollierer et al. 2009).",-1,-1,T096,
P079,PMC8453724,Tomocerus minor,species,,trophic_guild,What does Tomocerus minor feed on?,fresh plant litter || plant litter,detritivore,isotope,0,pmc,"Multidimensional trophic niche revealed by complementary approaches: Gut content, digestive enzymes, fatty acids and stable isotopes in Collembola","Clarification of their trophic niche could be advanced with enzyme analysis. The only species Tomocerus minor in our database has the highest cellulase activity among all records, confirming its grazing on fresh plant litter. Entomobryidae include many species that morphologically resemble Tomoceridae; however, these two families differed in a number of trophic niche parameters.",-1,-1,T098,cellulase activity
P080,17205807,Vertagopus pseudocinereus,species,,trophic_guild,What does Vertagopus pseudocinereus feed on?,the yeast Rhodotorula glutinis || Rhodotorula glutinis || yeast,fungivore,lab,0,medline,[Interrelationships between yeast fungi and collembolans in soil].,"However, certain yeast strains were preferable for the collembolans. The population of the V. pseudocinereus collembolans feeding on the yeast Rhodotorula glutinis (nss 31-4) exceeded that grown on Cryptococcus terricola (2044) 1.5-fold. Thus, the collembolans have feeding preferences in relation to yeast fungi, as was shown earlier for mycelial micromycetes.",-1,-1,T099,
P081,PMC10825826,Vertagopus sarekensis,species,,trophic_guild,What does Vertagopus sarekensis feed on?,algae and microorganisms found on mosses || algae,algivore|microbivore,literature,0,pmc,Cyclopropane Hydrocarbons from the Springtail Vertagopus sarekensis—A New Class of Cuticular Lipids from Arthropods,"Therefore, we have focused our research on species that occur locally in sufficient numbers to permit chemical analyses. One such species is Vertagopus sarekensis, which lives in the higher alpine regions of Europe under harsh conditions, feeding on algae and microorganisms found on mosses. It forms very large aggregations with coordinated group behavior and migration.",-1,-1,T100,
P082,PMC3788365,Agrenia,genus,,trophic_guild,What does Agrenia feed on?,this biofilm || biofilm || diatoms,algivore,gut,1,pmc,Ancient carbon from a melting glacier gives high 14C age in living pioneer invertebrates,"In this “microbial mat”, they live together with other one-celled organisms and perform photosynthesis262728. We assume that Agrenia and Desoria Collembola have eaten this biofilm, which is rich in proteins and carbohydrates, explaining the occurrence of transparent gut content with diatoms. When eating the biofilm, it is probably unavoidable to ingest tiny mineral particles at the same time.",-1,-1,G001,"'we assume ... have eaten this biofilm', gut content with diatoms"
P083,PMC10048822,Bourletiella,genus,,trophic_guild,What does Bourletiella feed on?,herbivorous || herbivore,herbivore,literature,0,pmc,Responses of Soil Collembolans to Land Degradation in a Black Soil Region in China,"In addition, Bourletiella sp.1 was the only unique species found in the NLD. Bourletiella, which belongs to the order Symphypleona, are typical herbivorous and epedaphic Collembolans [46]. Herbivorous Collembolans take fresh organic matter as their main food.",-1,-1,G005,"guild stated about the genus, with citation"
P084,PMC12284588,Crossodonthina,genus,,trophic_guild,What does Crossodonthina feed on?,slime mold || slime molds,fungivore,lab,0,pmc,"﻿A new arboreal species of Vitronura Yosii, 1969 and a new record of Yuukianura Yosii, 1955 ( Collembola , Neanuridae ) from China, with notes on the feeding behavior of Neanurinae","This feeding preference differs from that of other reported neanurids consuming slime molds (Fig. 19, also see Hoskins et al. 2015). Crossodonthina sp. feeding on slime mold. We also compared the feeding action of Y.szeptyckii with that of Crossodonthina sp. and Orthonychiurus sp.",-1,-1,G009,feeding observation (video); slime moulds scored as fungivory as in the expert review of Neanura muscorum
P085,PMC3788365,Desoria,genus,,trophic_guild,What does Desoria feed on?,this biofilm || biofilm || diatoms,algivore,gut,1,pmc,Ancient carbon from a melting glacier gives high 14C age in living pioneer invertebrates,"In this “microbial mat”, they live together with other one-celled organisms and perform photosynthesis262728. We assume that Agrenia and Desoria Collembola have eaten this biofilm, which is rich in proteins and carbohydrates, explaining the occurrence of transparent gut content with diatoms. When eating the biofilm, it is probably unavoidable to ingest tiny mineral particles at the same time.",-1,-1,G012,same sentence as G001 (Agrenia and Desoria)
P086,PMC4511865,Entomobrya,genus,,trophic_guild,What does Entomobrya feed on?,litter and its associated fungi and bacteria || litter || fungi and bacteria,detritivore|fungivore|bacterivore,literature,0,pmc,Spider foraging strategy affects trophic cascades under natural and drought conditions,"Compared to control, SW + AH, SW and AH spider treatments significantly decreased densities of Entomobrya, and thus slowed litter decomposition. Entomobrya are relative large, surface-dwelling Collembola acting as primary decomposers by feeding directly on litter and its associated fungi and bacteria, thus playing essential roles in litter decomposition1638. Meanwhile, SW + AH had lower densities of Total Collembola compared with control under drought conditions, and Collembola in general are major drivers of litter decomposition in tropical forests39.",-1,-1,G014,
P087,PMC5802828,Entomobrya,genus,,trophic_guild,What does Entomobrya feed on?,litter material and the adhering fungi and bacteria || litter material || fungi and bacteria,detritivore|fungivore|bacterivore,literature,0,pmc,Diversity and metabolic potential of the microbiota associated with a soil arthropod,"Several studies have highlighted the role of springtails as detritivores and they have been shown to stimulate microbial decomposition through soil mixing and indirect catalytic effects on energy flow and nutrient turnover. Species belonging to the genera of Entomobrya, Folsomia, Orchesella, and Tomecerus have been classified as primary decomposers, feeding on litter material and the adhering fungi and bacteria. Traditional cultivation studies have previously recovered a number of bacteria from the springtail Folsomia candida including members of the phyla Proteobacteria (Alphaproteobacteria and Gammaproteobacteria) and Firmicutes.",-1,-1,G015,"one sentence classifying Entomobrya, Folsomia and Orchesella"
P088,PMC5802828,Folsomia,genus,,trophic_guild,What does Folsomia feed on?,litter material and the adhering fungi and bacteria || litter material || fungi and bacteria,detritivore|fungivore|bacterivore,literature,0,pmc,Diversity and metabolic potential of the microbiota associated with a soil arthropod,"Several studies have highlighted the role of springtails as detritivores and they have been shown to stimulate microbial decomposition through soil mixing and indirect catalytic effects on energy flow and nutrient turnover. Species belonging to the genera of Entomobrya, Folsomia, Orchesella, and Tomecerus have been classified as primary decomposers, feeding on litter material and the adhering fungi and bacteria. Traditional cultivation studies have previously recovered a number of bacteria from the springtail Folsomia candida including members of the phyla Proteobacteria (Alphaproteobacteria and Gammaproteobacteria) and Firmicutes.",-1,-1,G021,
P089,PMC10993886,Isotomiella,genus,,trophic_guild,What does Isotomiella feed on?,fungivores || fungi,fungivore,literature,1,pmc,Seasonal fluctuations of litter and soil Collembola and their drivers in rainforest and plantation systems,"A’Bear, Boddy & Hefin (2012) reported arbuscular mycorrhizal fungi to potentially serve as a food resource for springtails under favorable conditions. Dominant genera/species at our study sites, i.e., Pseudosinella sp., Folsomides centralis and Isotomiella spp., have been assumed to predominantly live as fungivores (Susanti et al., 2021) and fungivory was suggested to generally dominate in Collembola communities of tropical ecosystems (Takeda, 1996). Supporting this assumption, results of our CCA indicated that Isotomiella cf. minor and Folsomides centralis in plantation systems have the same direction with saprotrophic as well as arbuscular mycorrhizal fungi in litter.",-1,-1,G024,'have been assumed to ... live as fungivores'
P090,PMC7934680,Isotomiella,genus,,trophic_guild,What does Isotomiella feed on?,microbivores || microbial,microbivore,isotope,1,pmc,Trophic niche differentiation and utilisation of food resources in Collembola is altered by rainforest conversion to plantation systems,"In jungle rubber, Callyntrura sp.1 was most depleted in δ15N among the studied Collembola species indicating that this species occupied the lowest trophic position pointing to phycophagy (Potapov Korotkevich & Tiunov, 2018). In rainforest, Pseudosinella sp.1 had the highest δ15N values followed by Isotomiella cf. minor and Acrocyrtus sp. suggesting that these species are as microbivores in undisturbed ecosystems. Overall, based on Δ13C and Δ15N values, trophic niche differentiation among species was most pronounced in rainforest, presumably due to the availability of a wider spectrum of food resources and more stable environmental conditions than in plantations.",-1,-1,G025,
P091,A2620B55FFE2FFF9FF6CFF19FD5A8723,Lepidocyrtus,genus,,trophic_guild,What does Lepidocyrtus feed on?,pollen,herbivore,literature,0,plazi,"Lepidocyrtus chorus Mateos & Lukić 2019, sp. nov.","Unfortunately, filmed specimens on 07.x.2016 are not available for the study of gut content. In the detailed overview of Collembola as pollen feeders, Kevan & Kevan (1970) gave several dozen of Collembola species, among them at least three Lepidocyrtus species, that have been recorded ingesting pollen either directly by visiting flowers or probably feeding on wind-borne pollen. Pollen wall characteristics (porosity, thickness, and composition) are responsible for differences in digestibility among pollen types by animals (Roulston & Cane 2000).",-1,-1,G027,Plazi treatment citing Kevan & Kevan 1970 on Lepidocyrtus species; distinct from the L. chorus gut-content item
P092,PMC2903711,Onychiurus,genus,,trophic_guild,What does Onychiurus feed on?,decomposers || first trophic level,detritivore,isotope,0,pmc,Changes in herbivore control in arable fields by detrital subsidies depend on predator species and vary in space,"Abundances of E. lanuginosa were significantly higher in field 1 but lower in field 2 at the first sampling date (RM-ANOVA; F 4,36 = 7.86, P < 0.001 for date × field; Fig. 1i). 13C and 15N analysis The δ15N signatures of the 13 soil-dwelling species captured by heat extraction spanned over two trophic levels in the mulch treatment (Fig. 2). The first trophic level comprised decomposers such as the diplopods P. inconstans, B. pusillus and B. guttulatus, as well as the Collembola Onychiurus spp. and sciarid larvae. δ15N signatures of decomposers formed a continuum from 1.0 to 3.1‰. The carabid species T. quadristriatus was also placed in the decomposer trophic level, with similar δ15N signatures to the diplopod B. guttulatus.",-1,-1,G031,
P093,PMC3910676,Orchesella,genus,,trophic_guild,What does Orchesella feed on?,the alga Pleurococcus || Pleurococcus || Desmococcus || alga,algivore,literature,0,pmc,The Hox genes Ultrabithorax and abdominal-A specify three different types of abdominal appendage in the springtail Orchesella cincta (Collembola),"Because this method does not enable quick and easy inspection of the culture and timed egg collections, we developed a method of culturing on Petri dishes with defined media. In our culturing method we feed Orchesella the alga Pleurococcus (syn. Desmococcus), because this alga was previously found to be that most consumed by Orchesella in its natural habitat.",-1,-1,G032,the alga most consumed in the natural habitat; also used as culture food
P094,PMC5802828,Orchesella,genus,,trophic_guild,What does Orchesella feed on?,litter material and the adhering fungi and bacteria || litter material || fungi and bacteria,detritivore|fungivore|bacterivore,literature,0,pmc,Diversity and metabolic potential of the microbiota associated with a soil arthropod,"Several studies have highlighted the role of springtails as detritivores and they have been shown to stimulate microbial decomposition through soil mixing and indirect catalytic effects on energy flow and nutrient turnover. Species belonging to the genera of Entomobrya, Folsomia, Orchesella, and Tomecerus have been classified as primary decomposers, feeding on litter material and the adhering fungi and bacteria. Traditional cultivation studies have previously recovered a number of bacteria from the springtail Folsomia candida including members of the phyla Proteobacteria (Alphaproteobacteria and Gammaproteobacteria) and Firmicutes.",-1,-1,G033,
P095,PMC10048822,Proisotoma,genus,,trophic_guild,What does Proisotoma feed on?,litter and some fungi || litter || fungi,detritivore|fungivore,literature,0,pmc,Responses of Soil Collembolans to Land Degradation in a Black Soil Region in China,"In this study, we determined that Proisotoma minima, a dominant species in all the habitats, was negatively correlated with the majority of soil Collembolan species in the habitats with low levels of land degradation (NLD and LLD), yet they were positively correlated with most of the other species in the habitats with high levels of land degradation (MLD and SLD) (Figure 2). Proisotoma, primary decomposers that feed on litter and some fungi, had an abundant population, and were thus located in a relatively low niche [46]. In the habitats with low levels of land degradation, the environmental conditions were relatively better than that of other habitats; consequently, a large number of Proisotoma minima were able to occupy the living spaces of species with identical niches.",-1,-1,G038,
P096,PMC8453724,Protaphorura,genus,,trophic_guild,What does Protaphorura feed on?,fungi || fungi-synthesised FAs and fungi in the gut,fungivore,gut,0,pmc,"Multidimensional trophic niche revealed by complementary approaches: Gut content, digestive enzymes, fatty acids and stable isotopes in Collembola","Multidimensional trophic niches of Collembola species Principal component analysis revealed trophic niche differentiation among the six selected species that had data across seven trophic niche parameters (Figure 2). The strongest distinction in multidimensional trophic niche space was observed between Orchesella flavescens (surface‐dwelling species of Entomobryidae) and Protaphorura (soil‐dwelling genus of Onychiuridae). The former species was associated with high proportions of plant‐synthesised FAs and plant particles in the gut, and the latter with high proportions of fungi‐synthesised FAs and fungi in the gut (PC1 and PC2).",-1,-1,G040,gut content and fatty acids; sentence continues in the context
P097,PMC10993886,Pseudosinella,genus,,trophic_guild,What does Pseudosinella feed on?,fungivores || fungi,fungivore,literature,1,pmc,Seasonal fluctuations of litter and soil Collembola and their drivers in rainforest and plantation systems,"A’Bear, Boddy & Hefin (2012) reported arbuscular mycorrhizal fungi to potentially serve as a food resource for springtails under favorable conditions. Dominant genera/species at our study sites, i.e., Pseudosinella sp., Folsomides centralis and Isotomiella spp., have been assumed to predominantly live as fungivores (Susanti et al., 2021) and fungivory was suggested to generally dominate in Collembola communities of tropical ecosystems (Takeda, 1996). Supporting this assumption, results of our CCA indicated that Isotomiella cf. minor and Folsomides centralis in plantation systems have the same direction with saprotrophic as well as arbuscular mycorrhizal fungi in litter.",-1,-1,G042,same sentence as G024
P098,PMC7934680,Pseudosinella,genus,,trophic_guild,What does Pseudosinella feed on?,predator or scavenger || predator || scavenger || microbivores,predator|detritivore|microbivore,isotope,1,pmc,Trophic niche differentiation and utilisation of food resources in Collembola is altered by rainforest conversion to plantation systems,"Across the studied ecosystems, atmobiotic species (Symphypleona and Paronellidae) occupied the lowest, whereas euedaphic Collembola species occupied the highest trophic position, resembling patterns in temperate forests. Some species of Paronellidae in rainforest and jungle rubber had Δ15N values below those of leaf litter suggesting algivory (Salina sp.1, Callyntrura sp.1 and Lepidonella sp.1), while a dominant species, Pseudosinella sp.1, had the highest Δ15N values in most of the land-use systems suggesting that this species at least in part lives as predator or scavenger. Overall, the results suggest that rainforest conversion into plantation systems is associated with marked shifts in the structure of trophic niches in soil and litter Collembola with potential consequences for ecosystem functioning and food-web stability.",-1,-1,G043,the paper suggests predator/scavenger in one place and microbivore in another
P099,PMC8328430,Superodontella,genus,,trophic_guild,What does Superodontella feed on?,bacteria or bacterial feeding nematodes || bacteria || bacterial feeding nematodes,bacterivore|predator,field,1,pmc,Conversion of rainforest into oil palm and rubber plantations affects the functional composition of litter and soil Collembola,"The presence of a number of species, including Acrocyrtus sp.3, Lepidocyrtus sp.1, Pararrhopalites sp.1, Sphaeridia sp.1, Sphaeridia sp.2, and two euedaphic species (Pseudosinella sp.1 and Onychiuridae spp.) in rainforest, as well as in jungle rubber, was associated with high water content. Further, the density of some Collembola species in litter of rainforest also correlated with the amount of Gram‐negative bacteria, especially two Poduromorpha species, that is, Xenylla sp.1 and Superodontella sp.1, suggesting that these species may feed on bacteria or bacterial feeding nematodes. Species in litter and soil of plantations, such as Homidia cingula, Isotomurus cf. parabalteatus, Dicranocentrus sp.1, Acrocyrtus sp.1, Folsomides centralis, and Megalothorax cf. minimus, were associated with high pH.",-1,-1,G045,density correlated with Gram-negative bacteria
P100,PMC5728517,Tomocerus,genus,,trophic_guild,What does Tomocerus feed on?,"a variety of food materials including litter but also fungi and bacteria in the rhizosphere, algae as well as Nematoda || litter || fungi and bacteria || algae || Nematoda",omnivore|detritivore|fungivore,literature,0,pmc,Root-derived carbon and nitrogen from beech and ash trees differentially fuel soil animal food webs of deciduous forests,"Low incorporation of root-derived N suggests that it was not based on root feeding but rather on feeding on rhizosphere microorganisms which had incorporated N from root exudates. Tomocerus species are known to feed on a variety of food materials including litter but also fungi and bacteria in the rhizosphere [62], algae [63] as well as Nematoda [64]. Omnivory in Collembola has been proposed previously [65] and mixed diets have been shown to increase growth in Collembola [66].",-1,-1,G047,
P101,8514C9F3706553B4AB85FC8527576B70,Willowsia,genus,,trophic_guild,What does Willowsia feed on?,superficial molds and fine organic debris || molds || fine organic debris || fungivorous – detritivorous,fungivore|detritivore,literature,0,plazi,"Willowsia solanella Jordana, Fiera & Baquero, 2026, sp. nov.","Willowsia solanella sp. nov. appears to be a synanthropic species inhabiting indoor environments where moisture, organic particles, and fungal growth are present. Like other members of the genus Willowsia , it is fungivorous – detritivorous, feeding primarily on superficial molds and fine organic debris. Its presence is not associated with damage to stored products and should be considered ecologically harmless, likely contributing to the decomposition of organic matter in human-modified microhabitats.",-1,-1,G049,Plazi treatment: 'like other members of the genus Willowsia'
P102,PMC8328430,Xenylla,genus,,trophic_guild,What does Xenylla feed on?,bacteria or bacterial feeding nematodes || bacteria || bacterial feeding nematodes,bacterivore|predator,field,1,pmc,Conversion of rainforest into oil palm and rubber plantations affects the functional composition of litter and soil Collembola,"The presence of a number of species, including Acrocyrtus sp.3, Lepidocyrtus sp.1, Pararrhopalites sp.1, Sphaeridia sp.1, Sphaeridia sp.2, and two euedaphic species (Pseudosinella sp.1 and Onychiuridae spp.) in rainforest, as well as in jungle rubber, was associated with high water content. Further, the density of some Collembola species in litter of rainforest also correlated with the amount of Gram‐negative bacteria, especially two Poduromorpha species, that is, Xenylla sp.1 and Superodontella sp.1, suggesting that these species may feed on bacteria or bacterial feeding nematodes. Species in litter and soil of plantations, such as Homidia cingula, Isotomurus cf. parabalteatus, Dicranocentrus sp.1, Acrocyrtus sp.1, Folsomides centralis, and Megalothorax cf. minimus, were associated with high pH.",-1,-1,G050,same sentence as G045
